{"cameraMode":{"drawMode":0,"name":"Shaded","section":"Shading Mode"},"sceneLighting":false,"audioPlay":false,"sceneViewState":{"m_AlwaysRefresh":false,"showFog":true,"showSkybox":false,"showFlares":true,"showImageEffects":true,"showParticleSystems":true,"showVisualEffectGraphs":true,"m_FxEnabled":true},"in2DMode":false,"pivot":{"x":142.3211212158203,"y":17.129911422729493,"z":-37.515403747558597},"rotation":{"x":-0.00030971685191616416,"y":0.9660520553588867,"z":-0.2583461105823517,"w":-0.0011588113848119975},"size":2.6133999824523927,"orthographic":false}