{"cameraMode":{"drawMode":0,"name":"Shaded","section":"Shading Mode"},"sceneLighting":false,"audioPlay":false,"sceneViewState":{"m_AlwaysRefresh":false,"showFog":true,"showSkybox":false,"showFlares":true,"showImageEffects":true,"showParticleSystems":true,"showVisualEffectGraphs":true,"m_FxEnabled":true},"in2DMode":false,"pivot":{"x":16.271316528320314,"y":17.779495239257814,"z":-71.01676177978516},"rotation":{"x":0.35880646109580996,"y":-0.24622847139835359,"z":0.09880020469427109,"w":0.8949913382530212},"size":9.565467834472657,"orthographic":false}