{"cameraMode":{"drawMode":0,"name":"Shaded","section":"Shading Mode"},"sceneLighting":false,"audioPlay":false,"sceneViewState":{"m_AlwaysRefresh":false,"showFog":true,"showSkybox":false,"showFlares":true,"showImageEffects":true,"showParticleSystems":true,"showVisualEffectGraphs":true,"m_FxEnabled":true},"in2DMode":false,"pivot":{"x":110.7699966430664,"y":3.617827892303467,"z":-33.34000015258789},"rotation":{"x":-0.00030971685191616416,"y":0.9660520553588867,"z":-0.2583461105823517,"w":-0.0011588113848119975},"size":1.3184516429901124,"orthographic":false}